index,title,genres,formats,keywords,image
0,Spider-Man: No Way Home,Action,Movies,Action Adventure Fantasy,https://th.bing.com/th/id/R.f480587aa2fbc062adc6c3cb7df1b13e?rik=zk84DX0cUp4zMA&pid=ImgRaw&r=0
1,The Power of the Dog,Drama,Movies,Drama,https://assets.mycast.io/posters/the-power-of-the-dog-1981-fan-casting-poster-173633-medium.jpg?1645939287
2,Legally Blonde 3,Fantasy,Movies,Fantasy Comedy Romance,https://popcornusa.s3.amazonaws.com/gallery/1540332731-legally-.jpg
3,Fantastic Beasts: The Secrets of Dumbledore,Fantasy,Movies,Fantasy Action,https://mlpnk72yciwc.i.optimole.com/cqhiHLc.IIZS~2ef73/w:auto/h:auto/q:75/https://bleedingcool.com/wp-content/uploads/2022/02/FNBST3_VERT_MAIN_2764x4096_DOM_R03.jpg
4,The Batman,Action,Movies,Action Adventure Fantasy,https://th.bing.com/th/id/OIP.lSf13cy_Kzf3g_ahF8YcOQHaKe?rs=1&pid=ImgDetMain
5,tokyo revengers ss1,Animation ,Anime,Action Animation ,https://z.animecult.org/uploads/attachment/cover/78963/anime-Tokyo-Revengers.jpg
6,Black Panther: Wakanda Forever,Fantasy,Movies,Fantasy Action,https://th.bing.com/th/id/OIP.udstHPF8mPl8hm3gOsKkwQHaLQ?rs=1&pid=ImgDetMain
7,Barbie as the Princess and the Pauper (2004),Animation ,Anime,Animation Fantasy Romance,https://th.bing.com/th/id/R.e780c1f30c29ee2d000a0a48304b79ad?rik=T%2fwGUY%2b3vr97%2fQ&pid=ImgRaw&r=0
8,Thor: Love and Thunder,Fantasy,Movies,Fantasy Action,https://th.bing.com/th/id/OIP.wVU7R4ADRvD0AePKIrGh6AAAAA?rs=1&pid=ImgDetMain
9,Shang-Chi and the Legend of the Ten Rings,Action,Movies,Action Adventure Fantasy,https://mlpnk72yciwc.i.optimole.com/cqhiHLc.WqA8~2eefa/w:auto/h:auto/q:75/https://bleedingcool.com/wp-content/uploads/2021/08/shangchi_and_the_legend_of_the_ten_rings_ver9_xlg.jpg
10,Black Adam,Action,Movies,Action Adventure Fantasy,https://i0.wp.com/batman-news.com/wp-content/uploads/2022/09/Black-Adam-Character-Poster-Black-Adam-01.jpg?fit=2764%2C4096&quality=80&strip=info&ssl=1
11,Doctor Strange in the Multiverse of Madness,Fantasy,Movies,Fantasy Action,https://th.bing.com/th/id/OIP.pOKqrLIg7gmO1v1ZMEfi5QAAAA?rs=1&pid=ImgDetMain
12,Top Gun: Maverick,Action,Movies,Action,https://th.bing.com/th/id/R.639e3a44a54e4dc2864a00eb14e903f0?rik=hzBfsI7PsQtcJA&pid=ImgRaw&r=0
13,tokyo revengers ss3,Animation ,Anime,Action Animation,https://www.cartoonsarea.xyz/USER-DATA/Images/Poster/Tokyo%20Revengers%203.jpg
14,Moonfall,Science Fiction,Movies,Science Fiction,https://img.filmsactu.net/datas/films/m/o/moonfall/xl/moonfall-61d715772cf5a.jpg
15,The Batman Returns,Action,Movies,Action Adventure Fantasy,https://cdn.geeksandgamers.com/wp-content/uploads/hm_bbpui/184801/amo9lwkjkiewbg9vnrba6al7ibmtvg4p.jpg
16,The Matrix Resurrections,Action,Movies,Action Adventure Fantasy,https://th.bing.com/th/id/R.c18884f30ec3ff18540431ea0fe2a38e?rik=QVh3eoK0c7ga%2bg&pid=ImgRaw&r=0
17,Uncharted,Action,Movies,Action Adventure,https://th.bing.com/th/id/R.5d751a594f1f1329694d94c91f62d144?rik=ELr1PgqgLP1otg&pid=ImgRaw&r=0
18,Barbie in the Nutcracker (2001),Animation ,Anime,Animation Fantasy Romance,https://th.bing.com/th/id/R.5ac34742d8d31b35bfab9a6fa1c2d245?rik=pSCINSnYAqfPsw&pid=ImgRaw&r=0
19,The Flash,Action,Movies,Action Adventure Fantasy,https://th.bing.com/th/id/OIP.LLW1Poo43uQFV8nsWP-w3QHaLH?rs=1&pid=ImgDetMain
20,tokyo revengers ss2,Animation ,Anime,Action Animation,https://artworks.thetvdb.com/banners/v4/season/2006082/posters/646bed4d0c980.jpg
21,Morbius,Action,Movies,Action Fantasy,https://th.bing.com/th/id/R.f433e88b4941701b220907f1f11b497d?rik=OVnfFntN2eNk6w&pid=ImgRaw&r=0
22,Blade Runner 2049,Science Fiction,Movies,Science Fiction,https://image.tmdb.org/t/p/original/lOqJGrDhForxVbfhstTAHhi1qMS.jpg
23,The 355,Action,Movies,Action,https://i0.wp.com/teaser-trailer.com/wp-content/uploads/The-355-French-Poster.jpg?ssl=1
24,Jackass Forever,Comedy,Movies,Comedy,https://th.bing.com/th/id/R.961baed6854658f0434c2063c340ca8f?rik=vZwpDt5ASxTeSg&pid=ImgRaw&r=0
25,In the Heights,Musical,Movies,Musical,https://th.bing.com/th/id/OIP.mKwHlCIYPKApmyI4ihp5wQHaK-?rs=1&pid=ImgDetMain
26,The Marvels,Action,Movies,Action Adventure Fantasy,https://th.bing.com/th/id/R.182ae677a66ac883585260b5381a8448?rik=Shw6prD3IjCEWQ&riu=http%3a%2f%2fwww.blackfilm.com%2fread%2fwp-content%2fuploads%2f2018%2f12%2fCaptain-Marvel-poster-2.jpg&ehk=gwa807heEPrgYeCYbjyIiYq2OUKTjHp1lCh5lLNmDu4%3d&risl=&pid=ImgRaw&r=0
27,Bullet Train,Action,Movies,Action,https://th.bing.com/th/id/R.5bc6495b84783516304addd9e536b7c5?rik=McJt%2bnWi%2bgbbow&pid=ImgRaw&r=0
28,The Lost City,Romance,Movies,Romance Adventure,https://image.tmdb.org/t/p/original/rnheO8cFvCYcmZsDrBoabJbKLFE.jpg
29,The Tomorrow War: Part II,Science Fiction,Movies,Science Fiction,https://th.bing.com/th/id/R.ad20c5b4d3b560cf62e623259b302616?rik=wM%2fhC6NtFOyzWA&riu=http%3a%2f%2fwww.impawards.com%2f2021%2fposters%2ftomorrow_war_ver2_xlg.jpg&ehk=jrN2IUxm7V2qMl6zFzOEnuvWALr5xTaoNU8jMP9hj%2f4%3d&risl=&pid=ImgRaw&r=0
30,Avatar (2009),Action,Movies,Action Adventure Fantasy,https://image.tmdb.org/t/p/original/8Y7WrRK1iQHEX7UIftBeBMjPjWD.jpg
31,Belfast,Drama,Movies,Drama,https://i.dailymail.co.uk/1s/2022/02/09/01/53948107-10491959-History_Branagh_61_became_the_first_person_ever_to_receive_nomin-a-28_1644369400293.jpg
32,The French Dispatch,Drama,Movies,Drama,https://dove.org/wp-content/uploads/592943-the-french-dispatch-backdrop-scaled.jpg
33,Sonic the Hedgehog 2,Animation ,Anime,Animation Fantasy,https://th.bing.com/th/id/R.02aedc8a5e34273c29839a16c0f00a8f?rik=%2fhftCqYQvS6jGw&pid=ImgRaw&r=0
34,Free Guy,Comedy,Movies,Comedy,https://th.bing.com/th/id/OIP.-jShkq3lYonJ4bvFFwDZzgHaKk?rs=1&pid=ImgDetMain
35,A Week Away,Musical,Movies,Musical,https://www.film-rezensionen.de/wp-content/uploads/2021/03/A-Week-Away-1383x2048.jpg
36,The Rescue,Documentary,Movies,Documentary,https://th.bing.com/th/id/R.a38f4a0d86a55fedbe46da05e00a7b56?rik=02x7xqYjSPQ3JQ&pid=ImgRaw&r=0
37,Being the Ricardos,Drama,Movies,Drama,https://m.media-amazon.com/images/M/MV5BNDlmZDU5MmUtNWFmMy00OTQ1LTk1YTctOTI3ZmU1YzZiYmZmXkEyXkFqcGdeQXVyMDM2NDM2MQ@@._V1_FMjpg_UX1000_.jpg
38,Minions: The Rise of Gru,Animation ,Anime,Animation Comedy,https://th.bing.com/th/id/OIP.gBG_0EeRkFXXUu-7EBgB6AHaLH?rs=1&pid=ImgDetMain
39,Sing 2,Animation ,Anime,Animation Comedy,https://images.moviesanywhere.com/35c2e4600a1186810af997b73c88ff73/65ee3eb9-3c1b-4227-90f6-570acac4a873.jpg
40,Legally Blondes (Video 2009)�,Fantasy,Movies,Fantasy Comedy Romance,https://m.media-amazon.com/images/M/MV5BMTgzNTgzNDU4MF5BMl5BanBnXkFtZTcwOTkzNzA2NA@@._V1_FMjpg_UX1000_.jpg
41,The Prom,Musical,Movies,Musical,https://th.bing.com/th/id/OIP.oJqUJvp0XpzTYujPESIoEAHaK-?rs=1&pid=ImgDetMain
42,The King's Man,Drama,Movies,Drama,https://th.bing.com/th/id/OIP.O42gqy3oHJFLYB8cK7ULzQHaK-?rs=1&pid=ImgDetMain
43,Lightyear,Animation ,Anime,Animation Comedy,https://bombreport.com/wp-content/uploads/2022/07/lightyear-official-poster.jpg
44,Annette,Musical,Movies,Musical,https://th.bing.com/th/id/R.8225167bb1668bc0e40dbb333896a0c5?rik=iavJ6EpXd9RDFQ&pid=ImgRaw&r=0
45,Avatar: The Way of Water (2022),Action,Movies,Action Adventure Fantasy,https://posterspy.com/wp-content/uploads/2022/01/Avatar-The-Way-Of-Water.jpg
46,tokyo revengers ss1,Action,Live Action,Live-action Action Animation,https://appraf.com/media/movie/sm/262e35238ae6414399f1e17cca649d55.jpeg
47,tokyo revengers ss2,Action,Live Action,Live-action Action Animation,https://s359.kapook.com/pagebuilder/ae6a1516-8f64-4b7c-8e65-d9fec9cd1794.jpg
48,The Lost Daughter,Drama,Movies,Drama,https://th.bing.com/th/id/OIP.pCW4IEHuLN-re76jCHSH6AAAAA?rs=1&pid=ImgDetMain
49,The Outlaws,Comedy,Movies,Comedy,https://th.bing.com/th/id/OIP.2gaCstRB-esS9Qq6Y47QhgHaKn?rs=1&pid=ImgDetMain
50,No Time to Die,Action,Movies,Action,https://th.bing.com/th/id/OIP.XSehL-oFokLf8FYfO3mf5QHaNK?rs=1&pid=ImgDetMain
51,The Ice Age Adventures of Buck Wild,Animation ,Anime,Action Animation,https://th.bing.com/th/id/OIP.q1Y2ztc20L7dvZgRtNbiBgHaK-?rs=1&pid=ImgDetMain
52,The Adam Project,Comedy,Movies,Comedy,https://th.bing.com/th/id/OIP.mvROXn5ycIm4xfzKjM0A8QAAAA?rs=1&pid=ImgDetMain
53,"Tick, Tick... Boom!",Musical,Movies,Musical,https://th.bing.com/th/id/OIP.uvM0_OHxp7LEd8JrufXvFAHaOG?rs=1&pid=ImgDetMain
54,Rumble,Animation ,Anime,Action Animation,https://moviekids.co.uk/wp-content/uploads/2020/09/MV5BYjY0ODA0YmUtMGFlNC00ODQzLTllOTUtZjU4Mjc1MTUwNTAxXkEyXkFqcGdeQXVyMDM2NDM2MQ@@._V1_SY1000_SX675_AL_-1382x2048.jpg
55,Into the Woods,Animation ,Anime,Musical Animation ,https://th.bing.com/th/id/R.4b14c772226648391406b1f748a73caa?rik=DxQBXsawTlJ67A&riu=http%3a%2f%2fwww.movienewz.com%2fimg%2ffilms%2finto-the-woods-movie-poster-1.jpg&ehk=sE4Y%2fzhglYEEakXmRBOysfdUfQq6qd1LWs%2bkTUUDrws%3d&risl=&pid=ImgRaw&r=0
56,Iron Man 1 (2008),Action,Movies,Action Adventure Fantasy,https://th.bing.com/th/id/R.d1093eb1b7a1ee7dd1c5f2fae928852e?rik=8lVcSKK8Isw8Yw&riu=http%3a%2f%2f2.bp.blogspot.com%2f-CAGUrvfL8Wo%2fTesvKR3PKYI%2fAAAAAAAAAMU%2fJugMh6i7a0U%2fs1600%2fironman1discr1artpic1.jpg&ehk=PAxqbuTDG9C68rqapqbkq7crhJhXXsxUMh%2fPiJZvhnQ%3d&risl=&pid=ImgRaw&r=0
57,Iron Man 2 (2010),Action,Movies,Action Adventure Fantasy,https://pics.filmaffinity.com/Iron_Man_2-466103197-large.jpg
58,Iron Man 3,Action,Movies,Action Adventure Fantasy,https://th.bing.com/th/id/R.50634b4b0ad669613e0a41b323192a66?rik=V1dPsZboXBMjwQ&riu=http%3a%2f%2fimages6.fanpop.com%2fimage%2fphotos%2f32300000%2fIron-Man-3-iron-man-32378886-1063-1375.jpg&ehk=kn2I%2fYdWMUyA0O3oWj6yEhFP1kIsiJg5MUoC4xoDVbU%3d&risl=&pid=ImgRaw&r=0
59,joker 2019,Thriller,Movies,Thriller Psychological-Thriller,https://r1.ilikewallpaper.net/iphone-12-pro-wallpapers/download-103019/joker-2019-movie.jpg
60,Joker 2008,Thriller,Movies,Thriller Psychological-Thriller,https://wallpapercave.com/wp/wp7211529.jpg
61,joker 2016,Thriller,Movies,Thriller Psychological-Thriller,https://th.bing.com/th/id/OIP.M3KReLw3ge9PIzSNgkq1uwHaNK?w=1080&h=1920&rs=1&pid=ImgDetMain
62,Joker: Part II (2021),Thriller,Movies,Thriller Psychological-Thriller,https://m.media-amazon.com/images/M/MV5BNzY5YWY3N2QtNDVlYi00NmE5LTgyOGItMDE0YTQzMWM2NzVjXkEyXkFqcGdeQXVyNTUzNDMzOTY@._V1_.jpg
63,Injustice1,Thriller,Movies,Thriller Psychological-Thriller,"https://images-wixmp-ed30a86b8c4ca887773594c2.wixmp.com/f/131b59c7-d5a3-4f21-813e-043a44630987/d5yn27y-cdf4885f-f9ba-43c4-bc03-4c5c4f4ae9b5.jpg/v1/fill/w_774,h_1032,q_75,strp/injustice_joker_by_nhkkyo-d5yn27y.jpg?token=eyJ0eXAiOiJKV1QiLCJhbGciOiJIUzI1NiJ9.eyJpc3MiOiJ1cm46YXBwOjdlMGQxODg5ODIyNjQzNzNhNWYwZDQxNWVhMGQyNmUwIiwic3ViIjoidXJuOmFwcDo3ZTBkMTg4OTgyMjY0MzczYTVmMGQ0MTVlYTBkMjZlMCIsImF1ZCI6WyJ1cm46c2VydmljZTppbWFnZS5vcGVyYXRpb25zIl0sIm9iaiI6W1t7InBhdGgiOiIvZi8xMzFiNTljNy1kNWEzLTRmMjEtODEzZS0wNDNhNDQ2MzA5ODcvZDV5bjI3eS1jZGY0ODg1Zi1mOWJhLTQzYzQtYmMwMy00YzVjNGY0YWU5YjUuanBnIiwid2lkdGgiOiI8PTc3NCIsImhlaWdodCI6Ijw9MTAzMiJ9XV19.GVxoGcZrb5-q1T_By9ScUvJ2woD4FB45RPWypWc-tmY"
64,Injustice2,Thriller,Movies,Thriller Psychological-Thriller,"https://images-wixmp-ed30a86b8c4ca887773594c2.wixmp.com/f/94ab2ad3-e0d4-4764-85ad-873af742bd4a/dbbav6z-2f2cfe6f-bf1b-4dab-a76e-67e526624998.png/v1/fill/w_783,h_1021,q_75,strp/the_clown_prince_of_crime_by_arkhamnatic-dbbav6z.png?token=eyJ0eXAiOiJKV1QiLCJhbGciOiJIUzI1NiJ9.eyJpc3MiOiJ1cm46YXBwOjdlMGQxODg5ODIyNjQzNzNhNWYwZDQxNWVhMGQyNmUwIiwic3ViIjoidXJuOmFwcDo3ZTBkMTg4OTgyMjY0MzczYTVmMGQ0MTVlYTBkMjZlMCIsImF1ZCI6WyJ1cm46c2VydmljZTppbWFnZS53YXRlcm1hcmsiXSwib2JqIjpbW3sicGF0aCI6Ii9mLzk0YWIyYWQzLWUwZDQtNDc2NC04NWFkLTg3M2FmNzQyYmQ0YS9kYmJhdjZ6LTJmMmNmZTZmLWJmMWItNGRhYi1hNzZlLTY3ZTUyNjYyNDk5OC5wbmciLCJ3aWR0aCI6Ijw9NzgzIiwiaGVpZ2h0IjoiPD0xMDIxIn1dXSwid21rIjp7InBhdGgiOiIvd20vOTRhYjJhZDMtZTBkNC00NzY0LTg1YWQtODczYWY3NDJiZDRhL2Fya2hhbW5hdGljLTQucG5nIiwib3BhY2l0eSI6OTUsInByb3BvcnRpb25zIjowLjQ1LCJncmF2aXR5IjoiY2VudGVyIn19._4TiVfyJjZV1hRJ4cbF3IwTejQ75JcZJ6DLfqpX2EL4"
65,Joker IMAX,Thriller,Movies,Thriller Psychological-Thriller,https://i1.wp.com/batman-news.com/wp-content/uploads/2019/09/Joker-Official-Images-Imax-Poster-01.jpg?quality=80&strip=info&ssl=1
66,harry potter 1,Fantasy,Movies,Fantasy Action,https://th.bing.com/th/id/OIP.hR4DyZZTJSnSzKKAGlSk6gHaLH?rs=1&pid=ImgDetMain
67,harry potter 2,Fantasy,Movies,Fantasy Action,https://www.tvguide.com/a/img/catalog/provider/1/2/1-8548330221.jpg
68,harry potter 3,Fantasy,Movies,Fantasy Action,https://th.bing.com/th/id/OIP.htarf1c4avST16YxojneXAHaKj?rs=1&pid=ImgDetMain
69,harry potter 4,Fantasy,Movies,Fantasy Action,https://th.bing.com/th/id/R.79a5ff7a40215cb7e98ffd230523fa4c?rik=BwQCDLHb8Mm9pw&pid=ImgRaw&r=0
70,harry potter 5,Fantasy,Movies,Fantasy Action,https://th.bing.com/th/id/R.5e90832aeb0e057602e7441390ed87a9?rik=%2bUm6w%2bGUxvHHvg&riu=http%3a%2f%2fimage.tmdb.org%2ft%2fp%2foriginal%2flmYmoXVzVrTadfXHZ3v1ySqA1fn.jpg&ehk=e63RfoNI5JONHtlVG3LM28%2bAwafhpEwjNX4r%2fa7QAck%3d&risl=&pid=ImgRaw&r=0
71,harry potter 6,Fantasy,Movies,Fantasy Action,https://www.kidibot.ro/wp-content/uploads/2020/03/6-scaled.jpeg
72,harry potter 7 Part 1,Fantasy,Movies,Fantasy Action,https://in.bmscdn.com/iedb/movies/images/extra/vertical_logo/mobile/thumbnail/xxlarge/harry-potter-and-the-deathly-hallows-part-1-et00005423-06-04-2021-07-50-23.jpg
73,harry potter 7 Part 2,Fantasy,Movies,Fantasy Action,https://th.bing.com/th/id/R.6eb8487c25eb98fd5880b59d21980854?rik=F8hPGZEI5unGJA&riu=http%3a%2f%2fberryapercu.files.wordpress.com%2f2011%2f12%2fharry-potter-7-2.jpg&ehk=RTgeZ9Sa7DtlpkLdlIV7eJtiL2Ha1wRfx8gnly3jPDI%3d&risl=&pid=ImgRaw&r=0
74,jujustsu 1,Animation ,Anime,Animation Fantasy Action,https://th.bing.com/th/id/OIP.duTk1dew0RGz7cF0BYHCJwAAAA?w=360&h=540&rs=1&pid=ImgDetMain
75,jujustsu 2,Animation ,Anime,Animation Fantasy Action,https://mx.web.img3.acsta.net/c_310_420/pictures/23/07/05/22/27/2241970.jpg
76,jujustsu 0,Animation ,Anime,Animation Fantasy Action,https://th.bing.com/th/id/OIP.s6ExD0BubiOamI0BRZNxBwHaJ6?rs=1&pid=ImgDetMain
77,titan 1,Animation ,Anime,Animation Action,https://th.bing.com/th/id/OIP.2Ghv10Ujyn5AJW6nfh4CuAHaKe?rs=1&pid=ImgDetMain
78,titan 2,Animation ,Anime,Animation Action,https://2.bp.blogspot.com/-agNp0YnwC80/WN81EQ4RxfI/AAAAAAAAA3A/9KtIKHByirIjD4sPZgTi4wI8yV1Yd08TgCLcB/s1600/f222fa1e23ae76b8af825134e7d53ca9.jpg
79,titan 1,Action,Live Action,Live-action Action Animation,https://musicimage.xboxlive.com/catalog/video.movie.8D6KGX0R43CH/image?locale=en-us&w=1000&h=1400&purposes=BoxArt
80,titan 2,Action,Live Action,Live-action Action Animation,https://i.pinimg.com/originals/da/ef/2e/daef2e5356e13b32b5c7aa3d0191732a.jpg
81,Tokyo Ghoul 1,Animation ,Anime,Animation Action Fantasy,https://image.tmdb.org/t/p/original/mt6ForyKh4JS0v5ho8xhauISidF.jpg
82,Tokyo Ghoul 2,Animation ,Anime,Animation Action Fantasy,https://th.bing.com/th/id/OIP.QsvGwDMomyzvTyYJ_qlOfgAAAA?rs=1&pid=ImgDetMain
83,Tokyo Ghoul:re,Animation ,Anime,Animation Action Fantasy,https://avatarfiles.alphacoders.com/132/132180.jpg
84,Tokyo Ghoul (2017),Action,Movies,Action Fantasy,https://th.bing.com/th/id/OIP.fDutHPCFoFDD8-tnDF9igwAAAA?w=474&h=711&rs=1&pid=ImgDetMain
85,Omniscient Reader�,Animation ,Anime,Animation Action Fantasy,https://nano-manga.com/wp-content/uploads/2023/01/Omniscient-Reader-%E0%B8%AD%E0%B9%88%E0%B8%B2%E0%B8%99%E0%B8%8A%E0%B8%B0%E0%B8%95%E0%B8%B2%E0%B8%A7%E0%B8%B1%E0%B8%99%E0%B8%AA%E0%B8%B4%E0%B9%89%E0%B8%99%E0%B9%82%E0%B8%A5%E0%B8%81.png
86,Regressor Instruction Manual,Animation ,Anime,Animation Action Fantasy,https://i.pinimg.com/564x/ed/c3/b8/edc3b8b45aa20f766b60e83f85c01d13.jpg
87,Solo leveling,Animation ,Anime,Animation Action Fantasy,https://1.bp.blogspot.com/-6r0SB2yh8a8/YQe5bkD0vsI/AAAAAAAAAM4/znWquzx0PUku_u_jMW0IViBgJFmEudoFgCLcBGAsYHQ/s1240/solo-leveling-02-cover.jpg
88,Lookism,Animation ,Anime,Animation  Action,https://images.justwatch.com/poster/302172788/s718/lookism.%7Bformat%7D
